year,level,course,sex,enrolment_preu
1980,Junior College 1,Arts,MF,1158.0
1980,Junior College 1,Arts,F,903.0
1980,Junior College 1,Arts,M,255.0
1980,Junior College 1,Commerce,MF,1210.0
1980,Junior College 1,Commerce,F,995.0
1980,Junior College 1,Commerce,M,215.0
1980,Junior College 1,Science,MF,3301.0
1980,Junior College 1,Science,F,1355.0
1980,Junior College 1,Science,M,1946.0
1980,Junior College 2,Arts,MF,1167.0
1980,Junior College 2,Arts,F,889.0
1980,Junior College 2,Arts,M,278.0
1980,Junior College 2,Commerce,MF,852.0
1980,Junior College 2,Commerce,F,724.0
1980,Junior College 2,Commerce,M,128.0
1980,Junior College 2,Science,MF,3225.0
1980,Junior College 2,Science,F,1458.0
1980,Junior College 2,Science,M,1767.0
1980,Pre-University 1,Arts,MF,754.0
1980,Pre-University 1,Arts,F,521.0
1980,Pre-University 1,Arts,M,233.0
1980,Pre-University 1,Commerce,MF,1384.0
1980,Pre-University 1,Commerce,F,1006.0
1980,Pre-University 1,Commerce,M,378.0
1980,Pre-University 1,Science,MF,773.0
1980,Pre-University 1,Science,F,270.0
1980,Pre-University 1,Science,M,503.0
1980,Pre-University 2,Arts,MF,1038.0
1980,Pre-University 2,Arts,F,695.0
1980,Pre-University 2,Arts,M,343.0
1980,Pre-University 2,Commerce,MF,683.0
1980,Pre-University 2,Commerce,F,496.0
1980,Pre-University 2,Commerce,M,187.0
1980,Pre-University 2,Science,MF,727.0
1980,Pre-University 2,Science,F,306.0
1980,Pre-University 2,Science,M,421.0
1980,Pre-University 3,Arts,MF,
1980,Pre-University 3,Arts,F,
1980,Pre-University 3,Arts,M,
1980,Pre-University 3,Commerce,MF,
1980,Pre-University 3,Commerce,F,
1980,Pre-University 3,Commerce,M,
1980,Pre-University 3,Science,MF,
1980,Pre-University 3,Science,F,
1980,Pre-University 3,Science,M,
1981,Junior College 1,Arts,MF,777.0
1981,Junior College 1,Arts,F,576.0
1981,Junior College 1,Arts,M,201.0
1981,Junior College 1,Commerce,MF,1418.0
1981,Junior College 1,Commerce,F,1138.0
1981,Junior College 1,Commerce,M,280.0
1981,Junior College 1,Science,MF,3128.0
1981,Junior College 1,Science,F,1235.0
1981,Junior College 1,Science,M,1893.0
1981,Junior College 2,Arts,MF,1156.0
1981,Junior College 2,Arts,F,908.0
1981,Junior College 2,Arts,M,248.0
1981,Junior College 2,Commerce,MF,1204.0
1981,Junior College 2,Commerce,F,986.0
1981,Junior College 2,Commerce,M,218.0
1981,Junior College 2,Science,MF,3044.0
1981,Junior College 2,Science,F,1320.0
1981,Junior College 2,Science,M,1724.0
1981,Pre-University 1,Arts,MF,502.0
1981,Pre-University 1,Arts,F,348.0
1981,Pre-University 1,Arts,M,154.0
1981,Pre-University 1,Commerce,MF,1301.0
1981,Pre-University 1,Commerce,F,913.0
1981,Pre-University 1,Commerce,M,388.0
1981,Pre-University 1,Science,MF,908.0
1981,Pre-University 1,Science,F,274.0
1981,Pre-University 1,Science,M,634.0
1981,Pre-University 2,Arts,MF,733.0
1981,Pre-University 2,Arts,F,505.0
1981,Pre-University 2,Arts,M,228.0
1981,Pre-University 2,Commerce,MF,1200.0
1981,Pre-University 2,Commerce,F,874.0
1981,Pre-University 2,Commerce,M,326.0
1981,Pre-University 2,Science,MF,965.0
1981,Pre-University 2,Science,F,314.0
1981,Pre-University 2,Science,M,651.0
1981,Pre-University 3,Arts,MF,839.0
1981,Pre-University 3,Arts,F,581.0
1981,Pre-University 3,Arts,M,258.0
1981,Pre-University 3,Commerce,MF,545.0
1981,Pre-University 3,Commerce,F,409.0
1981,Pre-University 3,Commerce,M,136.0
1981,Pre-University 3,Science,MF,433.0
1981,Pre-University 3,Science,F,207.0
1981,Pre-University 3,Science,M,226.0
1982,Junior College 1,Arts,MF,938.0
1982,Junior College 1,Arts,F,638.0
1982,Junior College 1,Arts,M,300.0
1982,Junior College 1,Commerce,MF,1452.0
1982,Junior College 1,Commerce,F,1101.0
1982,Junior College 1,Commerce,M,351.0
1982,Junior College 1,Science,MF,3319.0
1982,Junior College 1,Science,F,1211.0
1982,Junior College 1,Science,M,2108.0
1982,Junior College 2,Arts,MF,930.0
1982,Junior College 2,Arts,F,681.0
1982,Junior College 2,Arts,M,249.0
1982,Junior College 2,Commerce,MF,1498.0
1982,Junior College 2,Commerce,F,1193.0
1982,Junior College 2,Commerce,M,305.0
1982,Junior College 2,Science,MF,3621.0
1982,Junior College 2,Science,F,1392.0
1982,Junior College 2,Science,M,2229.0
1982,Pre-University 1,Arts,MF,532.0
1982,Pre-University 1,Arts,F,362.0
1982,Pre-University 1,Arts,M,170.0
1982,Pre-University 1,Commerce,MF,1147.0
1982,Pre-University 1,Commerce,F,769.0
1982,Pre-University 1,Commerce,M,378.0
1982,Pre-University 1,Science,MF,531.0
1982,Pre-University 1,Science,F,192.0
1982,Pre-University 1,Science,M,339.0
1982,Pre-University 2,Arts,MF,379.0
1982,Pre-University 2,Arts,F,255.0
1982,Pre-University 2,Arts,M,124.0
1982,Pre-University 2,Commerce,MF,1260.0
1982,Pre-University 2,Commerce,F,878.0
1982,Pre-University 2,Commerce,M,382.0
1982,Pre-University 2,Science,MF,502.0
1982,Pre-University 2,Science,F,156.0
1982,Pre-University 2,Science,M,346.0
1982,Pre-University 3,Arts,MF,674.0
1982,Pre-University 3,Arts,F,442.0
1982,Pre-University 3,Arts,M,232.0
1982,Pre-University 3,Commerce,MF,1159.0
1982,Pre-University 3,Commerce,F,832.0
1982,Pre-University 3,Commerce,M,327.0
1982,Pre-University 3,Science,MF,697.0
1982,Pre-University 3,Science,F,253.0
1982,Pre-University 3,Science,M,444.0
1983,Junior College 1,Arts,MF,1276.0
1983,Junior College 1,Arts,F,917.0
1983,Junior College 1,Arts,M,359.0
1983,Junior College 1,Commerce,MF,1326.0
1983,Junior College 1,Commerce,F,1010.0
1983,Junior College 1,Commerce,M,316.0
1983,Junior College 1,Science,MF,3908.0
1983,Junior College 1,Science,F,1622.0
1983,Junior College 1,Science,M,2286.0
1983,Junior College 2,Arts,MF,1013.0
1983,Junior College 2,Arts,F,697.0
1983,Junior College 2,Arts,M,316.0
1983,Junior College 2,Commerce,MF,1426.0
1983,Junior College 2,Commerce,F,1095.0
1983,Junior College 2,Commerce,M,331.0
1983,Junior College 2,Science,MF,3421.0
1983,Junior College 2,Science,F,1241.0
1983,Junior College 2,Science,M,2180.0
1983,Pre-University 1,Arts,MF,843.0
1983,Pre-University 1,Arts,F,550.0
1983,Pre-University 1,Arts,M,293.0
1983,Pre-University 1,Commerce,MF,1175.0
1983,Pre-University 1,Commerce,F,794.0
1983,Pre-University 1,Commerce,M,381.0
1983,Pre-University 1,Science,MF,770.0
1983,Pre-University 1,Science,F,323.0
1983,Pre-University 1,Science,M,447.0
1983,Pre-University 2,Arts,MF,471.0
1983,Pre-University 2,Arts,F,320.0
1983,Pre-University 2,Arts,M,151.0
1983,Pre-University 2,Commerce,MF,980.0
1983,Pre-University 2,Commerce,F,651.0
1983,Pre-University 2,Commerce,M,329.0
1983,Pre-University 2,Science,MF,401.0
1983,Pre-University 2,Science,F,154.0
1983,Pre-University 2,Science,M,247.0
1983,Pre-University 3,Arts,MF,433.0
1983,Pre-University 3,Arts,F,280.0
1983,Pre-University 3,Arts,M,153.0
1983,Pre-University 3,Commerce,MF,1244.0
1983,Pre-University 3,Commerce,F,853.0
1983,Pre-University 3,Commerce,M,391.0
1983,Pre-University 3,Science,MF,518.0
1983,Pre-University 3,Science,F,164.0
1983,Pre-University 3,Science,M,354.0
1984,Junior College 1,Arts,MF,1412.0
1984,Junior College 1,Arts,F,1006.0
1984,Junior College 1,Arts,M,406.0
1984,Junior College 1,Commerce,MF,1802.0
1984,Junior College 1,Commerce,F,1335.0
1984,Junior College 1,Commerce,M,467.0
1984,Junior College 1,Science,MF,4587.0
1984,Junior College 1,Science,F,1729.0
1984,Junior College 1,Science,M,2858.0
1984,Junior College 2,Arts,MF,1325.0
1984,Junior College 2,Arts,F,942.0
1984,Junior College 2,Arts,M,383.0
1984,Junior College 2,Commerce,MF,1415.0
1984,Junior College 2,Commerce,F,1072.0
1984,Junior College 2,Commerce,M,343.0
1984,Junior College 2,Science,MF,4168.0
1984,Junior College 2,Science,F,1697.0
1984,Junior College 2,Science,M,2471.0
1984,Pre-University 1,Arts,MF,779.0
1984,Pre-University 1,Arts,F,448.0
1984,Pre-University 1,Arts,M,331.0
1984,Pre-University 1,Commerce,MF,1199.0
1984,Pre-University 1,Commerce,F,810.0
1984,Pre-University 1,Commerce,M,389.0
1984,Pre-University 1,Science,MF,487.0
1984,Pre-University 1,Science,F,200.0
1984,Pre-University 1,Science,M,287.0
1984,Pre-University 2,Arts,MF,770.0
1984,Pre-University 2,Arts,F,509.0
1984,Pre-University 2,Arts,M,261.0
1984,Pre-University 2,Commerce,MF,1070.0
1984,Pre-University 2,Commerce,F,724.0
1984,Pre-University 2,Commerce,M,346.0
1984,Pre-University 2,Science,MF,553.0
1984,Pre-University 2,Science,F,247.0
1984,Pre-University 2,Science,M,306.0
1984,Pre-University 3,Arts,MF,483.0
1984,Pre-University 3,Arts,F,327.0
1984,Pre-University 3,Arts,M,156.0
1984,Pre-University 3,Commerce,MF,1015.0
1984,Pre-University 3,Commerce,F,658.0
1984,Pre-University 3,Commerce,M,357.0
1984,Pre-University 3,Science,MF,406.0
1984,Pre-University 3,Science,F,148.0
1984,Pre-University 3,Science,M,258.0
1985,Junior College 1,Arts,MF,2061.0
1985,Junior College 1,Arts,F,1534.0
1985,Junior College 1,Arts,M,527.0
1985,Junior College 1,Commerce,MF,2131.0
1985,Junior College 1,Commerce,F,1589.0
1985,Junior College 1,Commerce,M,542.0
1985,Junior College 1,Science,MF,5636.0
1985,Junior College 1,Science,F,2147.0
1985,Junior College 1,Science,M,3489.0
1985,Junior College 2,Arts,MF,1425.0
1985,Junior College 2,Arts,F,1015.0
1985,Junior College 2,Arts,M,410.0
1985,Junior College 2,Commerce,MF,1792.0
1985,Junior College 2,Commerce,F,1340.0
1985,Junior College 2,Commerce,M,452.0
1985,Junior College 2,Science,MF,4609.0
1985,Junior College 2,Science,F,1761.0
1985,Junior College 2,Science,M,2848.0
1985,Pre-University 1,Arts,MF,788.0
1985,Pre-University 1,Arts,F,488.0
1985,Pre-University 1,Arts,M,300.0
1985,Pre-University 1,Commerce,MF,1264.0
1985,Pre-University 1,Commerce,F,889.0
1985,Pre-University 1,Commerce,M,375.0
1985,Pre-University 1,Science,MF,415.0
1985,Pre-University 1,Science,F,173.0
1985,Pre-University 1,Science,M,242.0
1985,Pre-University 2,Arts,MF,716.0
1985,Pre-University 2,Arts,F,419.0
1985,Pre-University 2,Arts,M,297.0
1985,Pre-University 2,Commerce,MF,1046.0
1985,Pre-University 2,Commerce,F,720.0
1985,Pre-University 2,Commerce,M,326.0
1985,Pre-University 2,Science,MF,402.0
1985,Pre-University 2,Science,F,170.0
1985,Pre-University 2,Science,M,232.0
1985,Pre-University 3,Arts,MF,750.0
1985,Pre-University 3,Arts,F,497.0
1985,Pre-University 3,Arts,M,253.0
1985,Pre-University 3,Commerce,MF,1103.0
1985,Pre-University 3,Commerce,F,739.0
1985,Pre-University 3,Commerce,M,364.0
1985,Pre-University 3,Science,MF,561.0
1985,Pre-University 3,Science,F,249.0
1985,Pre-University 3,Science,M,312.0
1986,Junior College 1,Arts,MF,2259.0
1986,Junior College 1,Arts,F,1615.0
1986,Junior College 1,Arts,M,644.0
1986,Junior College 1,Commerce,MF,2721.0
1986,Junior College 1,Commerce,F,1961.0
1986,Junior College 1,Commerce,M,760.0
1986,Junior College 1,Science,MF,6100.0
1986,Junior College 1,Science,F,2172.0
1986,Junior College 1,Science,M,3928.0
1986,Junior College 2,Arts,MF,2028.0
1986,Junior College 2,Arts,F,1515.0
1986,Junior College 2,Arts,M,513.0
1986,Junior College 2,Commerce,MF,2133.0
1986,Junior College 2,Commerce,F,1596.0
1986,Junior College 2,Commerce,M,537.0
1986,Junior College 2,Science,MF,5485.0
1986,Junior College 2,Science,F,2076.0
1986,Junior College 2,Science,M,3409.0
1986,Pre-University 1,Arts,MF,816.0
1986,Pre-University 1,Arts,F,480.0
1986,Pre-University 1,Arts,M,336.0
1986,Pre-University 1,Commerce,MF,1273.0
1986,Pre-University 1,Commerce,F,864.0
1986,Pre-University 1,Commerce,M,409.0
1986,Pre-University 1,Science,MF,385.0
1986,Pre-University 1,Science,F,146.0
1986,Pre-University 1,Science,M,239.0
1986,Pre-University 2,Arts,MF,734.0
1986,Pre-University 2,Arts,F,460.0
1986,Pre-University 2,Arts,M,274.0
1986,Pre-University 2,Commerce,MF,1186.0
1986,Pre-University 2,Commerce,F,845.0
1986,Pre-University 2,Commerce,M,341.0
1986,Pre-University 2,Science,MF,351.0
1986,Pre-University 2,Science,F,150.0
1986,Pre-University 2,Science,M,201.0
1986,Pre-University 3,Arts,MF,715.0
1986,Pre-University 3,Arts,F,428.0
1986,Pre-University 3,Arts,M,287.0
1986,Pre-University 3,Commerce,MF,1011.0
1986,Pre-University 3,Commerce,F,696.0
1986,Pre-University 3,Commerce,M,315.0
1986,Pre-University 3,Science,MF,401.0
1986,Pre-University 3,Science,F,164.0
1986,Pre-University 3,Science,M,237.0
1987,Junior College 1,Arts,MF,2744.0
1987,Junior College 1,Arts,F,1935.0
1987,Junior College 1,Arts,M,809.0
1987,Junior College 1,Commerce,MF,2633.0
1987,Junior College 1,Commerce,F,1909.0
1987,Junior College 1,Commerce,M,724.0
1987,Junior College 1,Science,MF,6507.0
1987,Junior College 1,Science,F,2410.0
1987,Junior College 1,Science,M,4097.0
1987,Junior College 2,Arts,MF,2176.0
1987,Junior College 2,Arts,F,1582.0
1987,Junior College 2,Arts,M,594.0
1987,Junior College 2,Commerce,MF,2603.0
1987,Junior College 2,Commerce,F,1887.0
1987,Junior College 2,Commerce,M,716.0
1987,Junior College 2,Science,MF,5838.0
1987,Junior College 2,Science,F,2106.0
1987,Junior College 2,Science,M,3732.0
1987,Pre-University 1,Arts,MF,718.0
1987,Pre-University 1,Arts,F,416.0
1987,Pre-University 1,Arts,M,302.0
1987,Pre-University 1,Commerce,MF,1742.0
1987,Pre-University 1,Commerce,F,1195.0
1987,Pre-University 1,Commerce,M,547.0
1987,Pre-University 1,Science,MF,226.0
1987,Pre-University 1,Science,F,71.0
1987,Pre-University 1,Science,M,155.0
1987,Pre-University 2,Arts,MF,706.0
1987,Pre-University 2,Arts,F,422.0
1987,Pre-University 2,Arts,M,284.0
1987,Pre-University 2,Commerce,MF,1212.0
1987,Pre-University 2,Commerce,F,818.0
1987,Pre-University 2,Commerce,M,394.0
1987,Pre-University 2,Science,MF,305.0
1987,Pre-University 2,Science,F,115.0
1987,Pre-University 2,Science,M,190.0
1987,Pre-University 3,Arts,MF,698.0
1987,Pre-University 3,Arts,F,437.0
1987,Pre-University 3,Arts,M,261.0
1987,Pre-University 3,Commerce,MF,1086.0
1987,Pre-University 3,Commerce,F,766.0
1987,Pre-University 3,Commerce,M,320.0
1987,Pre-University 3,Science,MF,314.0
1987,Pre-University 3,Science,F,134.0
1987,Pre-University 3,Science,M,180.0
1988,Junior College 1,Arts,MF,2991.0
1988,Junior College 1,Arts,F,2163.0
1988,Junior College 1,Arts,M,828.0
1988,Junior College 1,Commerce,MF,3393.0
1988,Junior College 1,Commerce,F,2525.0
1988,Junior College 1,Commerce,M,868.0
1988,Junior College 1,Science,MF,7557.0
1988,Junior College 1,Science,F,2811.0
1988,Junior College 1,Science,M,4746.0
1988,Junior College 2,Arts,MF,2467.0
1988,Junior College 2,Arts,F,1731.0
1988,Junior College 2,Arts,M,736.0
1988,Junior College 2,Commerce,MF,2422.0
1988,Junior College 2,Commerce,F,1748.0
1988,Junior College 2,Commerce,M,674.0
1988,Junior College 2,Science,MF,6138.0
1988,Junior College 2,Science,F,2284.0
1988,Junior College 2,Science,M,3854.0
1988,Pre-University 1,Arts,MF,797.0
1988,Pre-University 1,Arts,F,496.0
1988,Pre-University 1,Arts,M,301.0
1988,Pre-University 1,Commerce,MF,1840.0
1988,Pre-University 1,Commerce,F,1247.0
1988,Pre-University 1,Commerce,M,593.0
1988,Pre-University 1,Science,MF,207.0
1988,Pre-University 1,Science,F,81.0
1988,Pre-University 1,Science,M,126.0
1988,Pre-University 2,Arts,MF,611.0
1988,Pre-University 2,Arts,F,346.0
1988,Pre-University 2,Arts,M,265.0
1988,Pre-University 2,Commerce,MF,1534.0
1988,Pre-University 2,Commerce,F,1059.0
1988,Pre-University 2,Commerce,M,475.0
1988,Pre-University 2,Science,MF,128.0
1988,Pre-University 2,Science,F,40.0
1988,Pre-University 2,Science,M,88.0
1988,Pre-University 3,Arts,MF,642.0
1988,Pre-University 3,Arts,F,389.0
1988,Pre-University 3,Arts,M,253.0
1988,Pre-University 3,Commerce,MF,1081.0
1988,Pre-University 3,Commerce,F,737.0
1988,Pre-University 3,Commerce,M,344.0
1988,Pre-University 3,Science,MF,274.0
1988,Pre-University 3,Science,F,98.0
1988,Pre-University 3,Science,M,176.0
1989,Junior College 1,Arts,MF,2157.0
1989,Junior College 1,Arts,F,1554.0
1989,Junior College 1,Arts,M,603.0
1989,Junior College 1,Commerce,MF,2477.0
1989,Junior College 1,Commerce,F,1856.0
1989,Junior College 1,Commerce,M,621.0
1989,Junior College 1,Science,MF,6789.0
1989,Junior College 1,Science,F,2582.0
1989,Junior College 1,Science,M,4207.0
1989,Junior College 2,Arts,MF,2720.0
1989,Junior College 2,Arts,F,1958.0
1989,Junior College 2,Arts,M,762.0
1989,Junior College 2,Commerce,MF,3166.0
1989,Junior College 2,Commerce,F,2366.0
1989,Junior College 2,Commerce,M,800.0
1989,Junior College 2,Science,MF,7174.0
1989,Junior College 2,Science,F,2673.0
1989,Junior College 2,Science,M,4501.0
1989,Pre-University 1,Arts,MF,492.0
1989,Pre-University 1,Arts,F,311.0
1989,Pre-University 1,Arts,M,181.0
1989,Pre-University 1,Commerce,MF,1837.0
1989,Pre-University 1,Commerce,F,1302.0
1989,Pre-University 1,Commerce,M,535.0
1989,Pre-University 1,Science,MF,343.0
1989,Pre-University 1,Science,F,105.0
1989,Pre-University 1,Science,M,238.0
1989,Pre-University 2,Arts,MF,625.0
1989,Pre-University 2,Arts,F,394.0
1989,Pre-University 2,Arts,M,231.0
1989,Pre-University 2,Commerce,MF,1683.0
1989,Pre-University 2,Commerce,F,1137.0
1989,Pre-University 2,Commerce,M,546.0
1989,Pre-University 2,Science,MF,129.0
1989,Pre-University 2,Science,F,57.0
1989,Pre-University 2,Science,M,72.0
1989,Pre-University 3,Arts,MF,577.0
1989,Pre-University 3,Arts,F,335.0
1989,Pre-University 3,Arts,M,242.0
1989,Pre-University 3,Commerce,MF,1423.0
1989,Pre-University 3,Commerce,F,976.0
1989,Pre-University 3,Commerce,M,447.0
1989,Pre-University 3,Science,MF,137.0
1989,Pre-University 3,Science,F,37.0
1989,Pre-University 3,Science,M,100.0
1990,Junior College 1,Arts,MF,1992.0
1990,Junior College 1,Arts,F,1408.0
1990,Junior College 1,Arts,M,584.0
1990,Junior College 1,Commerce,MF,2685.0
1990,Junior College 1,Commerce,F,1951.0
1990,Junior College 1,Commerce,M,734.0
1990,Junior College 1,Science,MF,6370.0
1990,Junior College 1,Science,F,2464.0
1990,Junior College 1,Science,M,3906.0
1990,Junior College 2,Arts,MF,2056.0
1990,Junior College 2,Arts,F,1489.0
1990,Junior College 2,Arts,M,567.0
1990,Junior College 2,Commerce,MF,2399.0
1990,Junior College 2,Commerce,F,1809.0
1990,Junior College 2,Commerce,M,590.0
1990,Junior College 2,Science,MF,6593.0
1990,Junior College 2,Science,F,2504.0
1990,Junior College 2,Science,M,4089.0
1990,Pre-University 1,Arts,MF,351.0
1990,Pre-University 1,Arts,F,253.0
1990,Pre-University 1,Arts,M,98.0
1990,Pre-University 1,Commerce,MF,1901.0
1990,Pre-University 1,Commerce,F,1382.0
1990,Pre-University 1,Commerce,M,519.0
1990,Pre-University 1,Science,MF,280.0
1990,Pre-University 1,Science,F,85.0
1990,Pre-University 1,Science,M,195.0
1990,Pre-University 2,Arts,MF,416.0
1990,Pre-University 2,Arts,F,269.0
1990,Pre-University 2,Arts,M,147.0
1990,Pre-University 2,Commerce,MF,1707.0
1990,Pre-University 2,Commerce,F,1208.0
1990,Pre-University 2,Commerce,M,499.0
1990,Pre-University 2,Science,MF,204.0
1990,Pre-University 2,Science,F,80.0
1990,Pre-University 2,Science,M,124.0
1990,Pre-University 3,Arts,MF,575.0
1990,Pre-University 3,Arts,F,367.0
1990,Pre-University 3,Arts,M,208.0
1990,Pre-University 3,Commerce,MF,1567.0
1990,Pre-University 3,Commerce,F,1061.0
1990,Pre-University 3,Commerce,M,506.0
1990,Pre-University 3,Science,MF,118.0
1990,Pre-University 3,Science,F,48.0
1990,Pre-University 3,Science,M,70.0
1991,Junior College 1,Arts,MF,1757.0
1991,Junior College 1,Arts,F,1321.0
1991,Junior College 1,Arts,M,436.0
1991,Junior College 1,Commerce,MF,2415.0
1991,Junior College 1,Commerce,F,1765.0
1991,Junior College 1,Commerce,M,650.0
1991,Junior College 1,Science,MF,5947.0
1991,Junior College 1,Science,F,2288.0
1991,Junior College 1,Science,M,3659.0
1991,Junior College 2,Arts,MF,1891.0
1991,Junior College 2,Arts,F,1332.0
1991,Junior College 2,Arts,M,559.0
1991,Junior College 2,Commerce,MF,2494.0
1991,Junior College 2,Commerce,F,1818.0
1991,Junior College 2,Commerce,M,676.0
1991,Junior College 2,Science,MF,6075.0
1991,Junior College 2,Science,F,2346.0
1991,Junior College 2,Science,M,3729.0
1991,Pre-University 1,Arts,MF,334.0
1991,Pre-University 1,Arts,F,224.0
1991,Pre-University 1,Arts,M,110.0
1991,Pre-University 1,Commerce,MF,1820.0
1991,Pre-University 1,Commerce,F,1215.0
1991,Pre-University 1,Commerce,M,605.0
1991,Pre-University 1,Science,MF,279.0
1991,Pre-University 1,Science,F,105.0
1991,Pre-University 1,Science,M,174.0
1991,Pre-University 2,Arts,MF,274.0
1991,Pre-University 2,Arts,F,203.0
1991,Pre-University 2,Arts,M,71.0
1991,Pre-University 2,Commerce,MF,1661.0
1991,Pre-University 2,Commerce,F,1209.0
1991,Pre-University 2,Commerce,M,452.0
1991,Pre-University 2,Science,MF,157.0
1991,Pre-University 2,Science,F,57.0
1991,Pre-University 2,Science,M,100.0
1991,Pre-University 3,Arts,MF,388.0
1991,Pre-University 3,Arts,F,259.0
1991,Pre-University 3,Arts,M,129.0
1991,Pre-University 3,Commerce,MF,1557.0
1991,Pre-University 3,Commerce,F,1115.0
1991,Pre-University 3,Commerce,M,442.0
1991,Pre-University 3,Science,MF,175.0
1991,Pre-University 3,Science,F,72.0
1991,Pre-University 3,Science,M,103.0
1992,Junior College 1,Arts,MF,1607.0
1992,Junior College 1,Arts,F,1130.0
1992,Junior College 1,Arts,M,477.0
1992,Junior College 1,Commerce,MF,1962.0
1992,Junior College 1,Commerce,F,1437.0
1992,Junior College 1,Commerce,M,525.0
1992,Junior College 1,Science,MF,5802.0
1992,Junior College 1,Science,F,2349.0
1992,Junior College 1,Science,M,3453.0
1992,Junior College 2,Arts,MF,1656.0
1992,Junior College 2,Arts,F,1252.0
1992,Junior College 2,Arts,M,404.0
1992,Junior College 2,Commerce,MF,2201.0
1992,Junior College 2,Commerce,F,1622.0
1992,Junior College 2,Commerce,M,579.0
1992,Junior College 2,Science,MF,5673.0
1992,Junior College 2,Science,F,2165.0
1992,Junior College 2,Science,M,3508.0
1992,Pre-University 1,Arts,MF,242.0
1992,Pre-University 1,Arts,F,171.0
1992,Pre-University 1,Arts,M,71.0
1992,Pre-University 1,Commerce,MF,1400.0
1992,Pre-University 1,Commerce,F,970.0
1992,Pre-University 1,Commerce,M,430.0
1992,Pre-University 1,Science,MF,182.0
1992,Pre-University 1,Science,F,69.0
1992,Pre-University 1,Science,M,113.0
1992,Pre-University 2,Arts,MF,298.0
1992,Pre-University 2,Arts,F,205.0
1992,Pre-University 2,Arts,M,93.0
1992,Pre-University 2,Commerce,MF,1508.0
1992,Pre-University 2,Commerce,F,1022.0
1992,Pre-University 2,Commerce,M,486.0
1992,Pre-University 2,Science,MF,188.0
1992,Pre-University 2,Science,F,79.0
1992,Pre-University 2,Science,M,109.0
1992,Pre-University 3,Arts,MF,267.0
1992,Pre-University 3,Arts,F,193.0
1992,Pre-University 3,Arts,M,74.0
1992,Pre-University 3,Commerce,MF,1531.0
1992,Pre-University 3,Commerce,F,1123.0
1992,Pre-University 3,Commerce,M,408.0
1992,Pre-University 3,Science,MF,146.0
1992,Pre-University 3,Science,F,54.0
1992,Pre-University 3,Science,M,92.0
1993,Junior College 1,Arts,MF,1622.0
1993,Junior College 1,Arts,F,1171.0
1993,Junior College 1,Arts,M,451.0
1993,Junior College 1,Commerce,MF,2134.0
1993,Junior College 1,Commerce,F,1582.0
1993,Junior College 1,Commerce,M,552.0
1993,Junior College 1,Science,MF,6457.0
1993,Junior College 1,Science,F,2776.0
1993,Junior College 1,Science,M,3681.0
1993,Junior College 2,Arts,MF,1506.0
1993,Junior College 2,Arts,F,1062.0
1993,Junior College 2,Arts,M,444.0
1993,Junior College 2,Commerce,MF,1851.0
1993,Junior College 2,Commerce,F,1362.0
1993,Junior College 2,Commerce,M,489.0
1993,Junior College 2,Science,MF,5526.0
1993,Junior College 2,Science,F,2241.0
1993,Junior College 2,Science,M,3285.0
1993,Pre-University 1,Arts,MF,148.0
1993,Pre-University 1,Arts,F,93.0
1993,Pre-University 1,Arts,M,55.0
1993,Pre-University 1,Commerce,MF,1114.0
1993,Pre-University 1,Commerce,F,750.0
1993,Pre-University 1,Commerce,M,364.0
1993,Pre-University 1,Science,MF,111.0
1993,Pre-University 1,Science,F,43.0
1993,Pre-University 1,Science,M,68.0
1993,Pre-University 2,Arts,MF,211.0
1993,Pre-University 2,Arts,F,148.0
1993,Pre-University 2,Arts,M,63.0
1993,Pre-University 2,Commerce,MF,1205.0
1993,Pre-University 2,Commerce,F,842.0
1993,Pre-University 2,Commerce,M,363.0
1993,Pre-University 2,Science,MF,157.0
1993,Pre-University 2,Science,F,64.0
1993,Pre-University 2,Science,M,93.0
1993,Pre-University 3,Arts,MF,288.0
1993,Pre-University 3,Arts,F,199.0
1993,Pre-University 3,Arts,M,89.0
1993,Pre-University 3,Commerce,MF,1458.0
1993,Pre-University 3,Commerce,F,998.0
1993,Pre-University 3,Commerce,M,460.0
1993,Pre-University 3,Science,MF,170.0
1993,Pre-University 3,Science,F,69.0
1993,Pre-University 3,Science,M,101.0
1994,Junior College 1,Arts,MF,1297.0
1994,Junior College 1,Arts,F,906.0
1994,Junior College 1,Arts,M,391.0
1994,Junior College 1,Commerce,MF,2175.0
1994,Junior College 1,Commerce,F,1586.0
1994,Junior College 1,Commerce,M,589.0
1994,Junior College 1,Science,MF,6094.0
1994,Junior College 1,Science,F,2531.0
1994,Junior College 1,Science,M,3563.0
1994,Junior College 2,Arts,MF,1419.0
1994,Junior College 2,Arts,F,1041.0
1994,Junior College 2,Arts,M,378.0
1994,Junior College 2,Commerce,MF,2003.0
1994,Junior College 2,Commerce,F,1511.0
1994,Junior College 2,Commerce,M,492.0
1994,Junior College 2,Science,MF,6212.0
1994,Junior College 2,Science,F,2664.0
1994,Junior College 2,Science,M,3548.0
1994,Pre-University 1,Arts,MF,110.0
1994,Pre-University 1,Arts,F,71.0
1994,Pre-University 1,Arts,M,39.0
1994,Pre-University 1,Commerce,MF,840.0
1994,Pre-University 1,Commerce,F,574.0
1994,Pre-University 1,Commerce,M,266.0
1994,Pre-University 1,Science,MF,97.0
1994,Pre-University 1,Science,F,38.0
1994,Pre-University 1,Science,M,59.0
1994,Pre-University 2,Arts,MF,130.0
1994,Pre-University 2,Arts,F,81.0
1994,Pre-University 2,Arts,M,49.0
1994,Pre-University 2,Commerce,MF,925.0
1994,Pre-University 2,Commerce,F,635.0
1994,Pre-University 2,Commerce,M,290.0
1994,Pre-University 2,Science,MF,73.0
1994,Pre-University 2,Science,F,32.0
1994,Pre-University 2,Science,M,41.0
1994,Pre-University 3,Arts,MF,203.0
1994,Pre-University 3,Arts,F,144.0
1994,Pre-University 3,Arts,M,59.0
1994,Pre-University 3,Commerce,MF,1121.0
1994,Pre-University 3,Commerce,F,797.0
1994,Pre-University 3,Commerce,M,324.0
1994,Pre-University 3,Science,MF,158.0
1994,Pre-University 3,Science,F,65.0
1994,Pre-University 3,Science,M,93.0
1995,Junior College 1,Arts,MF,1278.0
1995,Junior College 1,Arts,F,885.0
1995,Junior College 1,Arts,M,393.0
1995,Junior College 1,Commerce,MF,2361.0
1995,Junior College 1,Commerce,F,1754.0
1995,Junior College 1,Commerce,M,607.0
1995,Junior College 1,Science,MF,6412.0
1995,Junior College 1,Science,F,2710.0
1995,Junior College 1,Science,M,3702.0
1995,Junior College 2,Arts,MF,1215.0
1995,Junior College 2,Arts,F,865.0
1995,Junior College 2,Arts,M,350.0
1995,Junior College 2,Commerce,MF,2046.0
1995,Junior College 2,Commerce,F,1504.0
1995,Junior College 2,Commerce,M,542.0
1995,Junior College 2,Science,MF,5808.0
1995,Junior College 2,Science,F,2411.0
1995,Junior College 2,Science,M,3397.0
1995,Pre-University 1,Arts,MF,65.0
1995,Pre-University 1,Arts,F,39.0
1995,Pre-University 1,Arts,M,26.0
1995,Pre-University 1,Commerce,MF,498.0
1995,Pre-University 1,Commerce,F,333.0
1995,Pre-University 1,Commerce,M,165.0
1995,Pre-University 1,Science,MF,48.0
1995,Pre-University 1,Science,F,25.0
1995,Pre-University 1,Science,M,23.0
1995,Pre-University 2,Arts,MF,105.0
1995,Pre-University 2,Arts,F,67.0
1995,Pre-University 2,Arts,M,38.0
1995,Pre-University 2,Commerce,MF,760.0
1995,Pre-University 2,Commerce,F,511.0
1995,Pre-University 2,Commerce,M,249.0
1995,Pre-University 2,Science,MF,61.0
1995,Pre-University 2,Science,F,25.0
1995,Pre-University 2,Science,M,36.0
1995,Pre-University 3,Arts,MF,123.0
1995,Pre-University 3,Arts,F,76.0
1995,Pre-University 3,Arts,M,47.0
1995,Pre-University 3,Commerce,MF,827.0
1995,Pre-University 3,Commerce,F,582.0
1995,Pre-University 3,Commerce,M,245.0
1995,Pre-University 3,Science,MF,83.0
1995,Pre-University 3,Science,F,35.0
1995,Pre-University 3,Science,M,48.0
1996,Junior College 1,Arts,MF,1375.0
1996,Junior College 1,Arts,F,965.0
1996,Junior College 1,Arts,M,410.0
1996,Junior College 1,Commerce,MF,2377.0
1996,Junior College 1,Commerce,F,1674.0
1996,Junior College 1,Commerce,M,703.0
1996,Junior College 1,Science,MF,6715.0
1996,Junior College 1,Science,F,2817.0
1996,Junior College 1,Science,M,3898.0
1996,Junior College 2,Arts,MF,1197.0
1996,Junior College 2,Arts,F,828.0
1996,Junior College 2,Arts,M,369.0
1996,Junior College 2,Commerce,MF,2232.0
1996,Junior College 2,Commerce,F,1659.0
1996,Junior College 2,Commerce,M,573.0
1996,Junior College 2,Science,MF,6173.0
1996,Junior College 2,Science,F,2607.0
1996,Junior College 2,Science,M,3566.0
1996,Pre-University 1,Arts,MF,60.0
1996,Pre-University 1,Arts,F,45.0
1996,Pre-University 1,Arts,M,15.0
1996,Pre-University 1,Commerce,MF,264.0
1996,Pre-University 1,Commerce,F,180.0
1996,Pre-University 1,Commerce,M,84.0
1996,Pre-University 1,Science,MF,52.0
1996,Pre-University 1,Science,F,22.0
1996,Pre-University 1,Science,M,30.0
1996,Pre-University 2,Arts,MF,58.0
1996,Pre-University 2,Arts,F,35.0
1996,Pre-University 2,Arts,M,23.0
1996,Pre-University 2,Commerce,MF,435.0
1996,Pre-University 2,Commerce,F,286.0
1996,Pre-University 2,Commerce,M,149.0
1996,Pre-University 2,Science,MF,42.0
1996,Pre-University 2,Science,F,25.0
1996,Pre-University 2,Science,M,17.0
1996,Pre-University 3,Arts,MF,99.0
1996,Pre-University 3,Arts,F,63.0
1996,Pre-University 3,Arts,M,36.0
1996,Pre-University 3,Commerce,MF,722.0
1996,Pre-University 3,Commerce,F,489.0
1996,Pre-University 3,Commerce,M,233.0
1996,Pre-University 3,Science,MF,57.0
1996,Pre-University 3,Science,F,23.0
1996,Pre-University 3,Science,M,34.0
1997,Junior College 1,Arts,MF,1564.0
1997,Junior College 1,Arts,F,1072.0
1997,Junior College 1,Arts,M,492.0
1997,Junior College 1,Commerce,MF,2465.0
1997,Junior College 1,Commerce,F,1771.0
1997,Junior College 1,Commerce,M,694.0
1997,Junior College 1,Science,MF,7099.0
1997,Junior College 1,Science,F,3221.0
1997,Junior College 1,Science,M,3878.0
1997,Junior College 2,Arts,MF,1288.0
1997,Junior College 2,Arts,F,921.0
1997,Junior College 2,Arts,M,367.0
1997,Junior College 2,Commerce,MF,2284.0
1997,Junior College 2,Commerce,F,1624.0
1997,Junior College 2,Commerce,M,660.0
1997,Junior College 2,Science,MF,6477.0
1997,Junior College 2,Science,F,2724.0
1997,Junior College 2,Science,M,3753.0
1997,Pre-University 1,Arts,MF,65.0
1997,Pre-University 1,Arts,F,50.0
1997,Pre-University 1,Arts,M,15.0
1997,Pre-University 1,Commerce,MF,199.0
1997,Pre-University 1,Commerce,F,123.0
1997,Pre-University 1,Commerce,M,76.0
1997,Pre-University 1,Science,MF,60.0
1997,Pre-University 1,Science,F,25.0
1997,Pre-University 1,Science,M,35.0
1997,Pre-University 2,Arts,MF,52.0
1997,Pre-University 2,Arts,F,42.0
1997,Pre-University 2,Arts,M,10.0
1997,Pre-University 2,Commerce,MF,211.0
1997,Pre-University 2,Commerce,F,150.0
1997,Pre-University 2,Commerce,M,61.0
1997,Pre-University 2,Science,MF,36.0
1997,Pre-University 2,Science,F,12.0
1997,Pre-University 2,Science,M,24.0
1997,Pre-University 3,Arts,MF,61.0
1997,Pre-University 3,Arts,F,35.0
1997,Pre-University 3,Arts,M,26.0
1997,Pre-University 3,Commerce,MF,409.0
1997,Pre-University 3,Commerce,F,269.0
1997,Pre-University 3,Commerce,M,140.0
1997,Pre-University 3,Science,MF,41.0
1997,Pre-University 3,Science,F,24.0
1997,Pre-University 3,Science,M,17.0
1998,Junior College 1,Arts,MF,1776.0
1998,Junior College 1,Arts,F,1300.0
1998,Junior College 1,Arts,M,476.0
1998,Junior College 1,Commerce,MF,2108.0
1998,Junior College 1,Commerce,F,1421.0
1998,Junior College 1,Commerce,M,687.0
1998,Junior College 1,Science,MF,7987.0
1998,Junior College 1,Science,F,3700.0
1998,Junior College 1,Science,M,4287.0
1998,Junior College 2,Arts,MF,1425.0
1998,Junior College 2,Arts,F,993.0
1998,Junior College 2,Arts,M,432.0
1998,Junior College 2,Commerce,MF,2391.0
1998,Junior College 2,Commerce,F,1733.0
1998,Junior College 2,Commerce,M,658.0
1998,Junior College 2,Science,MF,6843.0
1998,Junior College 2,Science,F,3087.0
1998,Junior College 2,Science,M,3756.0
1998,Pre-University 1,Arts,MF,92.0
1998,Pre-University 1,Arts,F,67.0
1998,Pre-University 1,Arts,M,25.0
1998,Pre-University 1,Commerce,MF,265.0
1998,Pre-University 1,Commerce,F,182.0
1998,Pre-University 1,Commerce,M,83.0
1998,Pre-University 1,Science,MF,77.0
1998,Pre-University 1,Science,F,35.0
1998,Pre-University 1,Science,M,42.0
1998,Pre-University 2,Arts,MF,46.0
1998,Pre-University 2,Arts,F,35.0
1998,Pre-University 2,Arts,M,11.0
1998,Pre-University 2,Commerce,MF,167.0
1998,Pre-University 2,Commerce,F,105.0
1998,Pre-University 2,Commerce,M,62.0
1998,Pre-University 2,Science,MF,55.0
1998,Pre-University 2,Science,F,21.0
1998,Pre-University 2,Science,M,34.0
1998,Pre-University 3,Arts,MF,50.0
1998,Pre-University 3,Arts,F,39.0
1998,Pre-University 3,Arts,M,11.0
1998,Pre-University 3,Commerce,MF,214.0
1998,Pre-University 3,Commerce,F,150.0
1998,Pre-University 3,Commerce,M,64.0
1998,Pre-University 3,Science,MF,34.0
1998,Pre-University 3,Science,F,11.0
1998,Pre-University 3,Science,M,23.0
1999,Junior College 1,Arts,MF,1988.0
1999,Junior College 1,Arts,F,1433.0
1999,Junior College 1,Arts,M,555.0
1999,Junior College 1,Commerce,MF,1838.0
1999,Junior College 1,Commerce,F,1267.0
1999,Junior College 1,Commerce,M,571.0
1999,Junior College 1,Science,MF,8547.0
1999,Junior College 1,Science,F,4064.0
1999,Junior College 1,Science,M,4483.0
1999,Junior College 2,Arts,MF,1645.0
1999,Junior College 2,Arts,F,1213.0
1999,Junior College 2,Arts,M,432.0
1999,Junior College 2,Commerce,MF,1973.0
1999,Junior College 2,Commerce,F,1335.0
1999,Junior College 2,Commerce,M,638.0
1999,Junior College 2,Science,MF,7750.0
1999,Junior College 2,Science,F,3600.0
1999,Junior College 2,Science,M,4150.0
1999,Pre-University 1,Arts,MF,170.0
1999,Pre-University 1,Arts,F,114.0
1999,Pre-University 1,Arts,M,56.0
1999,Pre-University 1,Commerce,MF,199.0
1999,Pre-University 1,Commerce,F,129.0
1999,Pre-University 1,Commerce,M,70.0
1999,Pre-University 1,Science,MF,110.0
1999,Pre-University 1,Science,F,48.0
1999,Pre-University 1,Science,M,62.0
1999,Pre-University 2,Arts,MF,84.0
1999,Pre-University 2,Arts,F,58.0
1999,Pre-University 2,Arts,M,26.0
1999,Pre-University 2,Commerce,MF,222.0
1999,Pre-University 2,Commerce,F,159.0
1999,Pre-University 2,Commerce,M,63.0
1999,Pre-University 2,Science,MF,60.0
1999,Pre-University 2,Science,F,28.0
1999,Pre-University 2,Science,M,32.0
1999,Pre-University 3,Arts,MF,41.0
1999,Pre-University 3,Arts,F,32.0
1999,Pre-University 3,Arts,M,9.0
1999,Pre-University 3,Commerce,MF,154.0
1999,Pre-University 3,Commerce,F,94.0
1999,Pre-University 3,Commerce,M,60.0
1999,Pre-University 3,Science,MF,53.0
1999,Pre-University 3,Science,F,20.0
1999,Pre-University 3,Science,M,33.0
2000,Junior College 1,Arts,MF,2442.0
2000,Junior College 1,Arts,F,1757.0
2000,Junior College 1,Arts,M,685.0
2000,Junior College 1,Commerce,MF,
2000,Junior College 1,Commerce,F,
2000,Junior College 1,Commerce,M,
2000,Junior College 1,Science,MF,9355.0
2000,Junior College 1,Science,F,4529.0
2000,Junior College 1,Science,M,4826.0
2000,Junior College 2,Arts,MF,1904.0
2000,Junior College 2,Arts,F,1392.0
2000,Junior College 2,Arts,M,512.0
2000,Junior College 2,Commerce,MF,1737.0
2000,Junior College 2,Commerce,F,1200.0
2000,Junior College 2,Commerce,M,537.0
2000,Junior College 2,Science,MF,8262.0
2000,Junior College 2,Science,F,3928.0
2000,Junior College 2,Science,M,4334.0
2000,Pre-University 1,Arts,MF,138.0
2000,Pre-University 1,Arts,F,87.0
2000,Pre-University 1,Arts,M,51.0
2000,Pre-University 1,Commerce,MF,165.0
2000,Pre-University 1,Commerce,F,120.0
2000,Pre-University 1,Commerce,M,45.0
2000,Pre-University 1,Science,MF,91.0
2000,Pre-University 1,Science,F,50.0
2000,Pre-University 1,Science,M,41.0
2000,Pre-University 2,Arts,MF,103.0
2000,Pre-University 2,Arts,F,69.0
2000,Pre-University 2,Arts,M,34.0
2000,Pre-University 2,Commerce,MF,221.0
2000,Pre-University 2,Commerce,F,144.0
2000,Pre-University 2,Commerce,M,77.0
2000,Pre-University 2,Science,MF,97.0
2000,Pre-University 2,Science,F,38.0
2000,Pre-University 2,Science,M,59.0
2000,Pre-University 3,Arts,MF,81.0
2000,Pre-University 3,Arts,F,55.0
2000,Pre-University 3,Arts,M,26.0
2000,Pre-University 3,Commerce,MF,161.0
2000,Pre-University 3,Commerce,F,118.0
2000,Pre-University 3,Commerce,M,43.0
2000,Pre-University 3,Science,MF,47.0
2000,Pre-University 3,Science,F,19.0
2000,Pre-University 3,Science,M,28.0
2001,Junior College 1,Arts,MF,2365.0
2001,Junior College 1,Arts,F,1673.0
2001,Junior College 1,Arts,M,692.0
2001,Junior College 1,Commerce,MF,
2001,Junior College 1,Commerce,F,
2001,Junior College 1,Commerce,M,
2001,Junior College 1,Science,MF,9783.0
2001,Junior College 1,Science,F,4830.0
2001,Junior College 1,Science,M,4953.0
2001,Junior College 2,Arts,MF,2283.0
2001,Junior College 2,Arts,F,1666.0
2001,Junior College 2,Arts,M,617.0
2001,Junior College 2,Commerce,MF,
2001,Junior College 2,Commerce,F,
2001,Junior College 2,Commerce,M,
2001,Junior College 2,Science,MF,8913.0
2001,Junior College 2,Science,F,4347.0
2001,Junior College 2,Science,M,4566.0
2001,Pre-University 1,Arts,MF,132.0
2001,Pre-University 1,Arts,F,87.0
2001,Pre-University 1,Arts,M,45.0
2001,Pre-University 1,Commerce,MF,110.0
2001,Pre-University 1,Commerce,F,76.0
2001,Pre-University 1,Commerce,M,34.0
2001,Pre-University 1,Science,MF,97.0
2001,Pre-University 1,Science,F,54.0
2001,Pre-University 1,Science,M,43.0
2001,Pre-University 2,Arts,MF,115.0
2001,Pre-University 2,Arts,F,74.0
2001,Pre-University 2,Arts,M,41.0
2001,Pre-University 2,Commerce,MF,132.0
2001,Pre-University 2,Commerce,F,101.0
2001,Pre-University 2,Commerce,M,31.0
2001,Pre-University 2,Science,MF,75.0
2001,Pre-University 2,Science,F,46.0
2001,Pre-University 2,Science,M,29.0
2001,Pre-University 3,Arts,MF,108.0
2001,Pre-University 3,Arts,F,72.0
2001,Pre-University 3,Arts,M,36.0
2001,Pre-University 3,Commerce,MF,182.0
2001,Pre-University 3,Commerce,F,115.0
2001,Pre-University 3,Commerce,M,67.0
2001,Pre-University 3,Science,MF,81.0
2001,Pre-University 3,Science,F,29.0
2001,Pre-University 3,Science,M,52.0
2002,Junior College 1,Arts,MF,2512.0
2002,Junior College 1,Arts,F,1740.0
2002,Junior College 1,Arts,M,772.0
2002,Junior College 1,Commerce,MF,
2002,Junior College 1,Commerce,F,
2002,Junior College 1,Commerce,M,
2002,Junior College 1,Science,MF,10531.0
2002,Junior College 1,Science,F,5264.0
2002,Junior College 1,Science,M,5267.0
2002,Junior College 2,Arts,MF,2215.0
2002,Junior College 2,Arts,F,1570.0
2002,Junior College 2,Arts,M,645.0
2002,Junior College 2,Commerce,MF,
2002,Junior College 2,Commerce,F,
2002,Junior College 2,Commerce,M,
2002,Junior College 2,Science,MF,9198.0
2002,Junior College 2,Science,F,4557.0
2002,Junior College 2,Science,M,4641.0
2002,Pre-University 1,Arts,MF,136.0
2002,Pre-University 1,Arts,F,96.0
2002,Pre-University 1,Arts,M,40.0
2002,Pre-University 1,Commerce,MF,126.0
2002,Pre-University 1,Commerce,F,87.0
2002,Pre-University 1,Commerce,M,39.0
2002,Pre-University 1,Science,MF,99.0
2002,Pre-University 1,Science,F,52.0
2002,Pre-University 1,Science,M,47.0
2002,Pre-University 2,Arts,MF,104.0
2002,Pre-University 2,Arts,F,73.0
2002,Pre-University 2,Arts,M,31.0
2002,Pre-University 2,Commerce,MF,92.0
2002,Pre-University 2,Commerce,F,64.0
2002,Pre-University 2,Commerce,M,28.0
2002,Pre-University 2,Science,MF,83.0
2002,Pre-University 2,Science,F,49.0
2002,Pre-University 2,Science,M,34.0
2002,Pre-University 3,Arts,MF,87.0
2002,Pre-University 3,Arts,F,55.0
2002,Pre-University 3,Arts,M,32.0
2002,Pre-University 3,Commerce,MF,124.0
2002,Pre-University 3,Commerce,F,92.0
2002,Pre-University 3,Commerce,M,32.0
2002,Pre-University 3,Science,MF,69.0
2002,Pre-University 3,Science,F,41.0
2002,Pre-University 3,Science,M,28.0
2003,Junior College 1,Arts,MF,2015.0
2003,Junior College 1,Arts,F,1337.0
2003,Junior College 1,Arts,M,678.0
2003,Junior College 1,Commerce,MF,
2003,Junior College 1,Commerce,F,
2003,Junior College 1,Commerce,M,
2003,Junior College 1,Science,MF,9524.0
2003,Junior College 1,Science,F,4784.0
2003,Junior College 1,Science,M,4740.0
2003,Junior College 2,Arts,MF,2314.0
2003,Junior College 2,Arts,F,1627.0
2003,Junior College 2,Arts,M,687.0
2003,Junior College 2,Commerce,MF,
2003,Junior College 2,Commerce,F,
2003,Junior College 2,Commerce,M,
2003,Junior College 2,Science,MF,9855.0
2003,Junior College 2,Science,F,4930.0
2003,Junior College 2,Science,M,4925.0
2003,Pre-University 1,Arts,MF,124.0
2003,Pre-University 1,Arts,F,71.0
2003,Pre-University 1,Arts,M,53.0
2003,Pre-University 1,Commerce,MF,90.0
2003,Pre-University 1,Commerce,F,59.0
2003,Pre-University 1,Commerce,M,31.0
2003,Pre-University 1,Science,MF,125.0
2003,Pre-University 1,Science,F,72.0
2003,Pre-University 1,Science,M,53.0
2003,Pre-University 2,Arts,MF,122.0
2003,Pre-University 2,Arts,F,83.0
2003,Pre-University 2,Arts,M,39.0
2003,Pre-University 2,Commerce,MF,92.0
2003,Pre-University 2,Commerce,F,58.0
2003,Pre-University 2,Commerce,M,34.0
2003,Pre-University 2,Science,MF,75.0
2003,Pre-University 2,Science,F,36.0
2003,Pre-University 2,Science,M,39.0
2003,Pre-University 3,Arts,MF,75.0
2003,Pre-University 3,Arts,F,51.0
2003,Pre-University 3,Arts,M,24.0
2003,Pre-University 3,Commerce,MF,78.0
2003,Pre-University 3,Commerce,F,55.0
2003,Pre-University 3,Commerce,M,23.0
2003,Pre-University 3,Science,MF,70.0
2003,Pre-University 3,Science,F,43.0
2003,Pre-University 3,Science,M,27.0
2004,Junior College 1,Arts,MF,2220.0
2004,Junior College 1,Arts,F,1504.0
2004,Junior College 1,Arts,M,716.0
2004,Junior College 1,Commerce,MF,
2004,Junior College 1,Commerce,F,
2004,Junior College 1,Commerce,M,
2004,Junior College 1,Science,MF,10771.0
2004,Junior College 1,Science,F,5389.0
2004,Junior College 1,Science,M,5382.0
2004,Junior College 2,Arts,MF,1885.0
2004,Junior College 2,Arts,F,1249.0
2004,Junior College 2,Arts,M,636.0
2004,Junior College 2,Commerce,MF,
2004,Junior College 2,Commerce,F,
2004,Junior College 2,Commerce,M,
2004,Junior College 2,Science,MF,8836.0
2004,Junior College 2,Science,F,4424.0
2004,Junior College 2,Science,M,4412.0
2004,Pre-University 1,Arts,MF,145.0
2004,Pre-University 1,Arts,F,101.0
2004,Pre-University 1,Arts,M,44.0
2004,Pre-University 1,Commerce,MF,123.0
2004,Pre-University 1,Commerce,F,84.0
2004,Pre-University 1,Commerce,M,39.0
2004,Pre-University 1,Science,MF,176.0
2004,Pre-University 1,Science,F,104.0
2004,Pre-University 1,Science,M,72.0
2004,Pre-University 2,Arts,MF,87.0
2004,Pre-University 2,Arts,F,48.0
2004,Pre-University 2,Arts,M,39.0
2004,Pre-University 2,Commerce,MF,89.0
2004,Pre-University 2,Commerce,F,55.0
2004,Pre-University 2,Commerce,M,34.0
2004,Pre-University 2,Science,MF,103.0
2004,Pre-University 2,Science,F,58.0
2004,Pre-University 2,Science,M,45.0
2004,Pre-University 3,Arts,MF,81.0
2004,Pre-University 3,Arts,F,51.0
2004,Pre-University 3,Arts,M,30.0
2004,Pre-University 3,Commerce,MF,99.0
2004,Pre-University 3,Commerce,F,67.0
2004,Pre-University 3,Commerce,M,32.0
2004,Pre-University 3,Science,MF,66.0
2004,Pre-University 3,Science,F,36.0
2004,Pre-University 3,Science,M,30.0
2005,Junior College 1,Arts,MF,2776.0
2005,Junior College 1,Arts,F,1966.0
2005,Junior College 1,Arts,M,810.0
2005,Junior College 1,Commerce,MF,
2005,Junior College 1,Commerce,F,
2005,Junior College 1,Commerce,M,
2005,Junior College 1,Science,MF,12840.0
2005,Junior College 1,Science,F,6384.0
2005,Junior College 1,Science,M,6456.0
2005,Junior College 2,Arts,MF,2058.0
2005,Junior College 2,Arts,F,1404.0
2005,Junior College 2,Arts,M,654.0
2005,Junior College 2,Commerce,MF,
2005,Junior College 2,Commerce,F,
2005,Junior College 2,Commerce,M,
2005,Junior College 2,Science,MF,10066.0
2005,Junior College 2,Science,F,5030.0
2005,Junior College 2,Science,M,5036.0
2005,Pre-University 1,Arts,MF,142.0
2005,Pre-University 1,Arts,F,102.0
2005,Pre-University 1,Arts,M,40.0
2005,Pre-University 1,Commerce,MF,199.0
2005,Pre-University 1,Commerce,F,141.0
2005,Pre-University 1,Commerce,M,58.0
2005,Pre-University 1,Science,MF,216.0
2005,Pre-University 1,Science,F,128.0
2005,Pre-University 1,Science,M,88.0
2005,Pre-University 2,Arts,MF,96.0
2005,Pre-University 2,Arts,F,66.0
2005,Pre-University 2,Arts,M,30.0
2005,Pre-University 2,Commerce,MF,131.0
2005,Pre-University 2,Commerce,F,94.0
2005,Pre-University 2,Commerce,M,37.0
2005,Pre-University 2,Science,MF,148.0
2005,Pre-University 2,Science,F,92.0
2005,Pre-University 2,Science,M,56.0
2005,Pre-University 3,Arts,MF,92.0
2005,Pre-University 3,Arts,F,53.0
2005,Pre-University 3,Arts,M,39.0
2005,Pre-University 3,Commerce,MF,60.0
2005,Pre-University 3,Commerce,F,41.0
2005,Pre-University 3,Commerce,M,19.0
2005,Pre-University 3,Science,MF,77.0
2005,Pre-University 3,Science,F,41.0
2005,Pre-University 3,Science,M,36.0
2006,Junior College 1,Arts,MF,2452.0
2006,Junior College 1,Arts,F,1653.0
2006,Junior College 1,Arts,M,799.0
2006,Junior College 1,Commerce,MF,
2006,Junior College 1,Commerce,F,
2006,Junior College 1,Commerce,M,
2006,Junior College 1,Science,MF,12181.0
2006,Junior College 1,Science,F,6107.0
2006,Junior College 1,Science,M,6074.0
2006,Junior College 2,Arts,MF,2559.0
2006,Junior College 2,Arts,F,1837.0
2006,Junior College 2,Arts,M,722.0
2006,Junior College 2,Commerce,MF,
2006,Junior College 2,Commerce,F,
2006,Junior College 2,Commerce,M,
2006,Junior College 2,Science,MF,12262.0
2006,Junior College 2,Science,F,6108.0
2006,Junior College 2,Science,M,6154.0
2006,Pre-University 1,Arts,MF,183.0
2006,Pre-University 1,Arts,F,132.0
2006,Pre-University 1,Arts,M,51.0
2006,Pre-University 1,Commerce,MF,141.0
2006,Pre-University 1,Commerce,F,92.0
2006,Pre-University 1,Commerce,M,49.0
2006,Pre-University 1,Science,MF,187.0
2006,Pre-University 1,Science,F,99.0
2006,Pre-University 1,Science,M,88.0
2006,Pre-University 2,Arts,MF,188.0
2006,Pre-University 2,Arts,F,129.0
2006,Pre-University 2,Arts,M,59.0
2006,Pre-University 2,Commerce,MF,73.0
2006,Pre-University 2,Commerce,F,57.0
2006,Pre-University 2,Commerce,M,16.0
2006,Pre-University 2,Science,MF,176.0
2006,Pre-University 2,Science,F,104.0
2006,Pre-University 2,Science,M,72.0
2006,Pre-University 3,Arts,MF,126.0
2006,Pre-University 3,Arts,F,87.0
2006,Pre-University 3,Arts,M,39.0
2006,Pre-University 3,Commerce,MF,68.0
2006,Pre-University 3,Commerce,F,50.0
2006,Pre-University 3,Commerce,M,18.0
2006,Pre-University 3,Science,MF,130.0
2006,Pre-University 3,Science,F,79.0
2006,Pre-University 3,Science,M,51.0
2007,Junior College 1,Arts,MF,2876.0
2007,Junior College 1,Arts,F,1940.0
2007,Junior College 1,Arts,M,936.0
2007,Junior College 1,Commerce,MF,
2007,Junior College 1,Commerce,F,
2007,Junior College 1,Commerce,M,
2007,Junior College 1,Science,MF,13559.0
2007,Junior College 1,Science,F,6923.0
2007,Junior College 1,Science,M,6636.0
2007,Junior College 2,Arts,MF,2195.0
2007,Junior College 2,Arts,F,1500.0
2007,Junior College 2,Arts,M,695.0
2007,Junior College 2,Commerce,MF,
2007,Junior College 2,Commerce,F,
2007,Junior College 2,Commerce,M,
2007,Junior College 2,Science,MF,11469.0
2007,Junior College 2,Science,F,5804.0
2007,Junior College 2,Science,M,5665.0
2007,Pre-University 1,Arts,MF,196.0
2007,Pre-University 1,Arts,F,132.0
2007,Pre-University 1,Arts,M,64.0
2007,Pre-University 1,Commerce,MF,278.0
2007,Pre-University 1,Commerce,F,175.0
2007,Pre-University 1,Commerce,M,103.0
2007,Pre-University 1,Science,MF,247.0
2007,Pre-University 1,Science,F,143.0
2007,Pre-University 1,Science,M,104.0
2007,Pre-University 2,Arts,MF,87.0
2007,Pre-University 2,Arts,F,71.0
2007,Pre-University 2,Arts,M,16.0
2007,Pre-University 2,Commerce,MF,189.0
2007,Pre-University 2,Commerce,F,122.0
2007,Pre-University 2,Commerce,M,67.0
2007,Pre-University 2,Science,MF,140.0
2007,Pre-University 2,Science,F,71.0
2007,Pre-University 2,Science,M,69.0
2007,Pre-University 3,Arts,MF,89.0
2007,Pre-University 3,Arts,F,66.0
2007,Pre-University 3,Arts,M,23.0
2007,Pre-University 3,Commerce,MF,157.0
2007,Pre-University 3,Commerce,F,111.0
2007,Pre-University 3,Commerce,M,46.0
2007,Pre-University 3,Science,MF,145.0
2007,Pre-University 3,Science,F,88.0
2007,Pre-University 3,Science,M,57.0
2008,Junior College 1,Arts,MF,2840.0
2008,Junior College 1,Arts,F,1893.0
2008,Junior College 1,Arts,M,947.0
2008,Junior College 1,Commerce,MF,
2008,Junior College 1,Commerce,F,
2008,Junior College 1,Commerce,M,
2008,Junior College 1,Science,MF,13308.0
2008,Junior College 1,Science,F,6819.0
2008,Junior College 1,Science,M,6489.0
2008,Junior College 2,Arts,MF,2560.0
2008,Junior College 2,Arts,F,1750.0
2008,Junior College 2,Arts,M,810.0
2008,Junior College 2,Commerce,MF,
2008,Junior College 2,Commerce,F,
2008,Junior College 2,Commerce,M,
2008,Junior College 2,Science,MF,12304.0
2008,Junior College 2,Science,F,6273.0
2008,Junior College 2,Science,M,6031.0
2008,Pre-University 1,Arts,MF,193.0
2008,Pre-University 1,Arts,F,142.0
2008,Pre-University 1,Arts,M,51.0
2008,Pre-University 1,Commerce,MF,290.0
2008,Pre-University 1,Commerce,F,182.0
2008,Pre-University 1,Commerce,M,108.0
2008,Pre-University 1,Science,MF,205.0
2008,Pre-University 1,Science,F,127.0
2008,Pre-University 1,Science,M,78.0
2008,Pre-University 2,Arts,MF,163.0
2008,Pre-University 2,Arts,F,119.0
2008,Pre-University 2,Arts,M,44.0
2008,Pre-University 2,Commerce,MF,199.0
2008,Pre-University 2,Commerce,F,127.0
2008,Pre-University 2,Commerce,M,72.0
2008,Pre-University 2,Science,MF,197.0
2008,Pre-University 2,Science,F,110.0
2008,Pre-University 2,Science,M,87.0
2008,Pre-University 3,Arts,MF,86.0
2008,Pre-University 3,Arts,F,68.0
2008,Pre-University 3,Arts,M,18.0
2008,Pre-University 3,Commerce,MF,125.0
2008,Pre-University 3,Commerce,F,79.0
2008,Pre-University 3,Commerce,M,46.0
2008,Pre-University 3,Science,MF,109.0
2008,Pre-University 3,Science,F,60.0
2008,Pre-University 3,Science,M,49.0
2009,Junior College 1,Arts,MF,2682.0
2009,Junior College 1,Arts,F,1816.0
2009,Junior College 1,Arts,M,866.0
2009,Junior College 1,Commerce,MF,
2009,Junior College 1,Commerce,F,
2009,Junior College 1,Commerce,M,
2009,Junior College 1,Science,MF,13439.0
2009,Junior College 1,Science,F,6994.0
2009,Junior College 1,Science,M,6445.0
2009,Junior College 2,Arts,MF,2428.0
2009,Junior College 2,Arts,F,1631.0
2009,Junior College 2,Arts,M,797.0
2009,Junior College 2,Commerce,MF,
2009,Junior College 2,Commerce,F,
2009,Junior College 2,Commerce,M,
2009,Junior College 2,Science,MF,12119.0
2009,Junior College 2,Science,F,6206.0
2009,Junior College 2,Science,M,5913.0
2009,Pre-University 1,Arts,MF,147.0
2009,Pre-University 1,Arts,F,108.0
2009,Pre-University 1,Arts,M,39.0
2009,Pre-University 1,Commerce,MF,235.0
2009,Pre-University 1,Commerce,F,154.0
2009,Pre-University 1,Commerce,M,81.0
2009,Pre-University 1,Science,MF,236.0
2009,Pre-University 1,Science,F,129.0
2009,Pre-University 1,Science,M,107.0
2009,Pre-University 2,Arts,MF,89.0
2009,Pre-University 2,Arts,F,66.0
2009,Pre-University 2,Arts,M,23.0
2009,Pre-University 2,Commerce,MF,248.0
2009,Pre-University 2,Commerce,F,154.0
2009,Pre-University 2,Commerce,M,94.0
2009,Pre-University 2,Science,MF,130.0
2009,Pre-University 2,Science,F,83.0
2009,Pre-University 2,Science,M,47.0
2009,Pre-University 3,Arts,MF,114.0
2009,Pre-University 3,Arts,F,83.0
2009,Pre-University 3,Arts,M,31.0
2009,Pre-University 3,Commerce,MF,129.0
2009,Pre-University 3,Commerce,F,84.0
2009,Pre-University 3,Commerce,M,45.0
2009,Pre-University 3,Science,MF,114.0
2009,Pre-University 3,Science,F,61.0
2009,Pre-University 3,Science,M,53.0
2010,Junior College 1,Arts,MF,2733.0
2010,Junior College 1,Arts,F,1835.0
2010,Junior College 1,Arts,M,898.0
2010,Junior College 1,Commerce,MF,
2010,Junior College 1,Commerce,F,
2010,Junior College 1,Commerce,M,
2010,Junior College 1,Science,MF,13594.0
2010,Junior College 1,Science,F,7001.0
2010,Junior College 1,Science,M,6593.0
2010,Junior College 2,Arts,MF,2400.0
2010,Junior College 2,Arts,F,1641.0
2010,Junior College 2,Arts,M,759.0
2010,Junior College 2,Commerce,MF,
2010,Junior College 2,Commerce,F,
2010,Junior College 2,Commerce,M,
2010,Junior College 2,Science,MF,12324.0
2010,Junior College 2,Science,F,6389.0
2010,Junior College 2,Science,M,5935.0
2010,Pre-University 1,Arts,MF,164.0
2010,Pre-University 1,Arts,F,123.0
2010,Pre-University 1,Arts,M,41.0
2010,Pre-University 1,Commerce,MF,184.0
2010,Pre-University 1,Commerce,F,131.0
2010,Pre-University 1,Commerce,M,53.0
2010,Pre-University 1,Science,MF,223.0
2010,Pre-University 1,Science,F,131.0
2010,Pre-University 1,Science,M,92.0
2010,Pre-University 2,Arts,MF,127.0
2010,Pre-University 2,Arts,F,92.0
2010,Pre-University 2,Arts,M,35.0
2010,Pre-University 2,Commerce,MF,146.0
2010,Pre-University 2,Commerce,F,98.0
2010,Pre-University 2,Commerce,M,48.0
2010,Pre-University 2,Science,MF,168.0
2010,Pre-University 2,Science,F,93.0
2010,Pre-University 2,Science,M,75.0
2010,Pre-University 3,Arts,MF,63.0
2010,Pre-University 3,Arts,F,49.0
2010,Pre-University 3,Arts,M,14.0
2010,Pre-University 3,Commerce,MF,197.0
2010,Pre-University 3,Commerce,F,128.0
2010,Pre-University 3,Commerce,M,69.0
2010,Pre-University 3,Science,MF,97.0
2010,Pre-University 3,Science,F,58.0
2010,Pre-University 3,Science,M,39.0
2011,Junior College 1,Arts,MF,2769.0
2011,Junior College 1,Arts,F,1879.0
2011,Junior College 1,Arts,M,890.0
2011,Junior College 1,Commerce,MF,
2011,Junior College 1,Commerce,F,
2011,Junior College 1,Commerce,M,
2011,Junior College 1,Science,MF,13426.0
2011,Junior College 1,Science,F,6863.0
2011,Junior College 1,Science,M,6563.0
2011,Junior College 2,Arts,MF,2331.0
2011,Junior College 2,Arts,F,1582.0
2011,Junior College 2,Arts,M,749.0
2011,Junior College 2,Commerce,MF,
2011,Junior College 2,Commerce,F,
2011,Junior College 2,Commerce,M,
2011,Junior College 2,Science,MF,12440.0
2011,Junior College 2,Science,F,6370.0
2011,Junior College 2,Science,M,6070.0
2011,Pre-University 1,Arts,MF,126.0
2011,Pre-University 1,Arts,F,96.0
2011,Pre-University 1,Arts,M,30.0
2011,Pre-University 1,Commerce,MF,229.0
2011,Pre-University 1,Commerce,F,158.0
2011,Pre-University 1,Commerce,M,71.0
2011,Pre-University 1,Science,MF,196.0
2011,Pre-University 1,Science,F,107.0
2011,Pre-University 1,Science,M,89.0
2011,Pre-University 2,Arts,MF,106.0
2011,Pre-University 2,Arts,F,69.0
2011,Pre-University 2,Arts,M,37.0
2011,Pre-University 2,Commerce,MF,144.0
2011,Pre-University 2,Commerce,F,102.0
2011,Pre-University 2,Commerce,M,42.0
2011,Pre-University 2,Science,MF,182.0
2011,Pre-University 2,Science,F,105.0
2011,Pre-University 2,Science,M,77.0
2011,Pre-University 3,Arts,MF,89.0
2011,Pre-University 3,Arts,F,70.0
2011,Pre-University 3,Arts,M,19.0
2011,Pre-University 3,Commerce,MF,135.0
2011,Pre-University 3,Commerce,F,98.0
2011,Pre-University 3,Commerce,M,37.0
2011,Pre-University 3,Science,MF,123.0
2011,Pre-University 3,Science,F,66.0
2011,Pre-University 3,Science,M,57.0
2012,Junior College 1,Arts,MF,3025.0
2012,Junior College 1,Arts,F,2069.0
2012,Junior College 1,Arts,M,956.0
2012,Junior College 1,Commerce,MF,
2012,Junior College 1,Commerce,F,
2012,Junior College 1,Commerce,M,
2012,Junior College 1,Science,MF,13130.0
2012,Junior College 1,Science,F,6732.0
2012,Junior College 1,Science,M,6398.0
2012,Junior College 2,Arts,MF,2451.0
2012,Junior College 2,Arts,F,1681.0
2012,Junior College 2,Arts,M,770.0
2012,Junior College 2,Commerce,MF,
2012,Junior College 2,Commerce,F,
2012,Junior College 2,Commerce,M,
2012,Junior College 2,Science,MF,12208.0
2012,Junior College 2,Science,F,6213.0
2012,Junior College 2,Science,M,5995.0
2012,Pre-University 1,Arts,MF,101.0
2012,Pre-University 1,Arts,F,76.0
2012,Pre-University 1,Arts,M,25.0
2012,Pre-University 1,Commerce,MF,288.0
2012,Pre-University 1,Commerce,F,181.0
2012,Pre-University 1,Commerce,M,107.0
2012,Pre-University 1,Science,MF,183.0
2012,Pre-University 1,Science,F,100.0
2012,Pre-University 1,Science,M,83.0
2012,Pre-University 2,Arts,MF,68.0
2012,Pre-University 2,Arts,F,56.0
2012,Pre-University 2,Arts,M,12.0
2012,Pre-University 2,Commerce,MF,150.0
2012,Pre-University 2,Commerce,F,104.0
2012,Pre-University 2,Commerce,M,46.0
2012,Pre-University 2,Science,MF,146.0
2012,Pre-University 2,Science,F,80.0
2012,Pre-University 2,Science,M,66.0
2012,Pre-University 3,Arts,MF,87.0
2012,Pre-University 3,Arts,F,58.0
2012,Pre-University 3,Arts,M,29.0
2012,Pre-University 3,Commerce,MF,118.0
2012,Pre-University 3,Commerce,F,87.0
2012,Pre-University 3,Commerce,M,31.0
2012,Pre-University 3,Science,MF,132.0
2012,Pre-University 3,Science,F,74.0
2012,Pre-University 3,Science,M,58.0
2013,Junior College 1,Arts,MF,2854.0
2013,Junior College 1,Arts,F,1957.0
2013,Junior College 1,Arts,M,897.0
2013,Junior College 1,Commerce,MF,
2013,Junior College 1,Commerce,F,
2013,Junior College 1,Commerce,M,
2013,Junior College 1,Science,MF,13407.0
2013,Junior College 1,Science,F,6785.0
2013,Junior College 1,Science,M,6622.0
2013,Junior College 2,Arts,MF,2614.0
2013,Junior College 2,Arts,F,1833.0
2013,Junior College 2,Arts,M,781.0
2013,Junior College 2,Commerce,MF,
2013,Junior College 2,Commerce,F,
2013,Junior College 2,Commerce,M,
2013,Junior College 2,Science,MF,11987.0
2013,Junior College 2,Science,F,6073.0
2013,Junior College 2,Science,M,5914.0
2013,Pre-University 1,Arts,MF,135.0
2013,Pre-University 1,Arts,F,96.0
2013,Pre-University 1,Arts,M,39.0
2013,Pre-University 1,Commerce,MF,283.0
2013,Pre-University 1,Commerce,F,176.0
2013,Pre-University 1,Commerce,M,107.0
2013,Pre-University 1,Science,MF,211.0
2013,Pre-University 1,Science,F,100.0
2013,Pre-University 1,Science,M,111.0
2013,Pre-University 2,Arts,MF,68.0
2013,Pre-University 2,Arts,F,51.0
2013,Pre-University 2,Arts,M,17.0
2013,Pre-University 2,Commerce,MF,167.0
2013,Pre-University 2,Commerce,F,106.0
2013,Pre-University 2,Commerce,M,61.0
2013,Pre-University 2,Science,MF,137.0
2013,Pre-University 2,Science,F,77.0
2013,Pre-University 2,Science,M,60.0
2013,Pre-University 3,Arts,MF,58.0
2013,Pre-University 3,Arts,F,49.0
2013,Pre-University 3,Arts,M,9.0
2013,Pre-University 3,Commerce,MF,139.0
2013,Pre-University 3,Commerce,F,98.0
2013,Pre-University 3,Commerce,M,41.0
2013,Pre-University 3,Science,MF,105.0
2013,Pre-University 3,Science,F,54.0
2013,Pre-University 3,Science,M,51.0
2014,Junior College 1,Arts,MF,2697.0
2014,Junior College 1,Arts,F,1873.0
2014,Junior College 1,Arts,M,824.0
2014,Junior College 1,Commerce,MF,
2014,Junior College 1,Commerce,F,
2014,Junior College 1,Commerce,M,
2014,Junior College 1,Science,MF,12640.0
2014,Junior College 1,Science,F,6383.0
2014,Junior College 1,Science,M,6257.0
2014,Junior College 2,Arts,MF,2467.0
2014,Junior College 2,Arts,F,1726.0
2014,Junior College 2,Arts,M,741.0
2014,Junior College 2,Commerce,MF,
2014,Junior College 2,Commerce,F,
2014,Junior College 2,Commerce,M,
2014,Junior College 2,Science,MF,12434.0
2014,Junior College 2,Science,F,6247.0
2014,Junior College 2,Science,M,6187.0
2014,Pre-University 1,Arts,MF,168.0
2014,Pre-University 1,Arts,F,124.0
2014,Pre-University 1,Arts,M,44.0
2014,Pre-University 1,Commerce,MF,233.0
2014,Pre-University 1,Commerce,F,134.0
2014,Pre-University 1,Commerce,M,99.0
2014,Pre-University 1,Science,MF,199.0
2014,Pre-University 1,Science,F,78.0
2014,Pre-University 1,Science,M,121.0
2014,Pre-University 2,Arts,MF,94.0
2014,Pre-University 2,Arts,F,67.0
2014,Pre-University 2,Arts,M,27.0
2014,Pre-University 2,Commerce,MF,224.0
2014,Pre-University 2,Commerce,F,136.0
2014,Pre-University 2,Commerce,M,88.0
2014,Pre-University 2,Science,MF,167.0
2014,Pre-University 2,Science,F,82.0
2014,Pre-University 2,Science,M,85.0
2014,Pre-University 3,Arts,MF,59.0
2014,Pre-University 3,Arts,F,45.0
2014,Pre-University 3,Arts,M,14.0
2014,Pre-University 3,Commerce,MF,131.0
2014,Pre-University 3,Commerce,F,85.0
2014,Pre-University 3,Commerce,M,46.0
2014,Pre-University 3,Science,MF,100.0
2014,Pre-University 3,Science,F,55.0
2014,Pre-University 3,Science,M,45.0
2015,Junior College 1,Arts,MF,2508.0
2015,Junior College 1,Arts,F,1753.0
2015,Junior College 1,Arts,M,755.0
2015,Junior College 1,Commerce,MF,
2015,Junior College 1,Commerce,F,
2015,Junior College 1,Commerce,M,
2015,Junior College 1,Science,MF,11535.0
2015,Junior College 1,Science,F,5784.0
2015,Junior College 1,Science,M,5751.0
2015,Junior College 2,Arts,MF,2455.0
2015,Junior College 2,Arts,F,1743.0
2015,Junior College 2,Arts,M,712.0
2015,Junior College 2,Commerce,MF,
2015,Junior College 2,Commerce,F,
2015,Junior College 2,Commerce,M,
2015,Junior College 2,Science,MF,11779.0
2015,Junior College 2,Science,F,5919.0
2015,Junior College 2,Science,M,5860.0
2015,Pre-University 1,Arts,MF,113.0
2015,Pre-University 1,Arts,F,85.0
2015,Pre-University 1,Arts,M,28.0
2015,Pre-University 1,Commerce,MF,192.0
2015,Pre-University 1,Commerce,F,109.0
2015,Pre-University 1,Commerce,M,83.0
2015,Pre-University 1,Science,MF,164.0
2015,Pre-University 1,Science,F,103.0
2015,Pre-University 1,Science,M,61.0
2015,Pre-University 2,Arts,MF,99.0
2015,Pre-University 2,Arts,F,79.0
2015,Pre-University 2,Arts,M,20.0
2015,Pre-University 2,Commerce,MF,181.0
2015,Pre-University 2,Commerce,F,110.0
2015,Pre-University 2,Commerce,M,71.0
2015,Pre-University 2,Science,MF,161.0
2015,Pre-University 2,Science,F,60.0
2015,Pre-University 2,Science,M,101.0
2015,Pre-University 3,Arts,MF,86.0
2015,Pre-University 3,Arts,F,61.0
2015,Pre-University 3,Arts,M,25.0
2015,Pre-University 3,Commerce,MF,167.0
2015,Pre-University 3,Commerce,F,101.0
2015,Pre-University 3,Commerce,M,66.0
2015,Pre-University 3,Science,MF,119.0
2015,Pre-University 3,Science,F,60.0
2015,Pre-University 3,Science,M,59.0
2016,Junior College 1,Arts,MF,2443.0
2016,Junior College 1,Arts,F,1732.0
2016,Junior College 1,Arts,M,711.0
2016,Junior College 1,Commerce,MF,
2016,Junior College 1,Commerce,F,
2016,Junior College 1,Commerce,M,
2016,Junior College 1,Science,MF,11679.0
2016,Junior College 1,Science,F,5881.0
2016,Junior College 1,Science,M,5798.0
2016,Junior College 2,Arts,MF,2314.0
2016,Junior College 2,Arts,F,1620.0
2016,Junior College 2,Arts,M,694.0
2016,Junior College 2,Commerce,MF,
2016,Junior College 2,Commerce,F,
2016,Junior College 2,Commerce,M,
2016,Junior College 2,Science,MF,10805.0
2016,Junior College 2,Science,F,5417.0
2016,Junior College 2,Science,M,5388.0
2016,Pre-University 1,Arts,MF,131.0
2016,Pre-University 1,Arts,F,96.0
2016,Pre-University 1,Arts,M,35.0
2016,Pre-University 1,Commerce,MF,182.0
2016,Pre-University 1,Commerce,F,110.0
2016,Pre-University 1,Commerce,M,72.0
2016,Pre-University 1,Science,MF,167.0
2016,Pre-University 1,Science,F,88.0
2016,Pre-University 1,Science,M,79.0
2016,Pre-University 2,Arts,MF,75.0
2016,Pre-University 2,Arts,F,56.0
2016,Pre-University 2,Arts,M,19.0
2016,Pre-University 2,Commerce,MF,132.0
2016,Pre-University 2,Commerce,F,79.0
2016,Pre-University 2,Commerce,M,53.0
2016,Pre-University 2,Science,MF,129.0
2016,Pre-University 2,Science,F,72.0
2016,Pre-University 2,Science,M,57.0
2016,Pre-University 3,Arts,MF,81.0
2016,Pre-University 3,Arts,F,66.0
2016,Pre-University 3,Arts,M,15.0
2016,Pre-University 3,Commerce,MF,164.0
2016,Pre-University 3,Commerce,F,98.0
2016,Pre-University 3,Commerce,M,66.0
2016,Pre-University 3,Science,MF,140.0
2016,Pre-University 3,Science,F,54.0
2016,Pre-University 3,Science,M,86.0
2017,Junior College 1,Arts,MF,2427.0
2017,Junior College 1,Arts,F,1684.0
2017,Junior College 1,Arts,M,743.0
2017,Junior College 1,Commerce,MF,
2017,Junior College 1,Commerce,F,
2017,Junior College 1,Commerce,M,
2017,Junior College 1,Science,MF,12411.0
2017,Junior College 1,Science,F,6271.0
2017,Junior College 1,Science,M,6140.0
2017,Junior College 2,Arts,MF,2278.0
2017,Junior College 2,Arts,F,1610.0
2017,Junior College 2,Arts,M,668.0
2017,Junior College 2,Commerce,MF,
2017,Junior College 2,Commerce,F,
2017,Junior College 2,Commerce,M,
2017,Junior College 2,Science,MF,11003.0
2017,Junior College 2,Science,F,5491.0
2017,Junior College 2,Science,M,5512.0
2017,Pre-University 1,Arts,MF,147.0
2017,Pre-University 1,Arts,F,100.0
2017,Pre-University 1,Arts,M,47.0
2017,Pre-University 1,Commerce,MF,206.0
2017,Pre-University 1,Commerce,F,120.0
2017,Pre-University 1,Commerce,M,86.0
2017,Pre-University 1,Science,MF,182.0
2017,Pre-University 1,Science,F,109.0
2017,Pre-University 1,Science,M,73.0
2017,Pre-University 2,Arts,MF,88.0
2017,Pre-University 2,Arts,F,72.0
2017,Pre-University 2,Arts,M,16.0
2017,Pre-University 2,Commerce,MF,116.0
2017,Pre-University 2,Commerce,F,70.0
2017,Pre-University 2,Commerce,M,46.0
2017,Pre-University 2,Science,MF,123.0
2017,Pre-University 2,Science,F,63.0
2017,Pre-University 2,Science,M,60.0
2017,Pre-University 3,Arts,MF,65.0
2017,Pre-University 3,Arts,F,49.0
2017,Pre-University 3,Arts,M,16.0
2017,Pre-University 3,Commerce,MF,114.0
2017,Pre-University 3,Commerce,F,69.0
2017,Pre-University 3,Commerce,M,45.0
2017,Pre-University 3,Science,MF,92.0
2017,Pre-University 3,Science,F,51.0
2017,Pre-University 3,Science,M,41.0
2018,Junior College 1,Arts,MF,2302.0
2018,Junior College 1,Arts,F,1589.0
2018,Junior College 1,Arts,M,713.0
2018,Junior College 1,Science,MF,11720.0
2018,Junior College 1,Science,F,5851.0
2018,Junior College 1,Science,M,5869.0
2018,Junior College 2,Arts,MF,2267.0
2018,Junior College 2,Arts,F,1583.0
2018,Junior College 2,Arts,M,684.0
2018,Junior College 2,Science,MF,11811.0
2018,Junior College 2,Science,F,5943.0
2018,Junior College 2,Science,M,5868.0
2018,Pre-University 1,Arts,MF,80.0
2018,Pre-University 1,Arts,F,49.0
2018,Pre-University 1,Arts,M,31.0
2018,Pre-University 1,Science,MF,175.0
2018,Pre-University 1,Science,F,96.0
2018,Pre-University 1,Science,M,79.0
2018,Pre-University 1,Commerce,MF,121.0
2018,Pre-University 1,Commerce,F,72.0
2018,Pre-University 1,Commerce,M,49.0
2018,Pre-University 2,Arts,MF,78.0
2018,Pre-University 2,Arts,F,58.0
2018,Pre-University 2,Arts,M,20.0
2018,Pre-University 2,Science,MF,135.0
2018,Pre-University 2,Science,F,75.0
2018,Pre-University 2,Science,M,60.0
2018,Pre-University 2,Commerce,MF,145.0
2018,Pre-University 2,Commerce,F,83.0
2018,Pre-University 2,Commerce,M,62.0
2018,Pre-University 3,Arts,MF,50.0
2018,Pre-University 3,Arts,F,41.0
2018,Pre-University 3,Arts,M,9.0
2018,Pre-University 3,Science,MF,65.0
2018,Pre-University 3,Science,F,31.0
2018,Pre-University 3,Science,M,34.0
2018,Pre-University 3,Commerce,MF,63.0
2018,Pre-University 3,Commerce,F,32.0
2018,Pre-University 3,Commerce,M,31.0
2019,Junior College 1,Arts,MF,2167.0
2019,Junior College 1,Arts,F,1518.0
2019,Junior College 1,Arts,M,649.0
2019,Junior College 1,Science,MF,11129.0
2019,Junior College 1,Science,F,5623.0
2019,Junior College 1,Science,M,5506.0
2019,Junior College 2,Arts,MF,2122.0
2019,Junior College 2,Arts,F,1477.0
2019,Junior College 2,Arts,M,645.0
2019,Junior College 2,Science,MF,11234.0
2019,Junior College 2,Science,F,5565.0
2019,Junior College 2,Science,M,5669.0
2019,Pre-University 1,Arts,MF,68.0
2019,Pre-University 1,Arts,F,48.0
2019,Pre-University 1,Arts,M,20.0
2019,Pre-University 1,Science,MF,212.0
2019,Pre-University 1,Science,F,126.0
2019,Pre-University 1,Science,M,86.0
2019,Pre-University 1,Commerce,MF,70.0
2019,Pre-University 1,Commerce,F,49.0
2019,Pre-University 1,Commerce,M,21.0
2019,Pre-University 2,Arts,MF,48.0
2019,Pre-University 2,Arts,F,27.0
2019,Pre-University 2,Arts,M,21.0
2019,Pre-University 2,Science,MF,121.0
2019,Pre-University 2,Science,F,65.0
2019,Pre-University 2,Science,M,56.0
2019,Pre-University 2,Commerce,MF,95.0
2019,Pre-University 2,Commerce,F,50.0
2019,Pre-University 2,Commerce,M,45.0
2019,Pre-University 3,Arts,MF,61.0
2019,Pre-University 3,Arts,F,48.0
2019,Pre-University 3,Arts,M,13.0
2019,Pre-University 3,Science,MF,88.0
2019,Pre-University 3,Science,F,46.0
2019,Pre-University 3,Science,M,42.0
2019,Pre-University 3,Commerce,MF,117.0
2019,Pre-University 3,Commerce,F,69.0
2019,Pre-University 3,Commerce,M,48.0
2020,Junior College 1,Arts,MF,1998.0
2020,Junior College 1,Arts,F,1405.0
2020,Junior College 1,Arts,M,593.0
2020,Junior College 1,Science,MF,10604.0
2020,Junior College 1,Science,F,5160.0
2020,Junior College 1,Science,M,5444.0
2020,Junior College 2,Arts,MF,2037.0
2020,Junior College 2,Arts,F,1441.0
2020,Junior College 2,Arts,M,596.0
2020,Junior College 2,Science,MF,10586.0
2020,Junior College 2,Science,F,5320.0
2020,Junior College 2,Science,M,5266.0
2020,Pre-University 1,Arts,MF,66.0
2020,Pre-University 1,Arts,F,45.0
2020,Pre-University 1,Arts,M,21.0
2020,Pre-University 1,Science,MF,234.0
2020,Pre-University 1,Science,F,132.0
2020,Pre-University 1,Science,M,102.0
2020,Pre-University 1,Commerce,MF,46.0
2020,Pre-University 1,Commerce,F,28.0
2020,Pre-University 1,Commerce,M,18.0
2020,Pre-University 2,Arts,MF,49.0
2020,Pre-University 2,Arts,F,33.0
2020,Pre-University 2,Arts,M,16.0
2020,Pre-University 2,Science,MF,114.0
2020,Pre-University 2,Science,F,70.0
2020,Pre-University 2,Science,M,44.0
2020,Pre-University 2,Commerce,MF,57.0
2020,Pre-University 2,Commerce,F,36.0
2020,Pre-University 2,Commerce,M,21.0
2020,Pre-University 3,Arts,MF,40.0
2020,Pre-University 3,Arts,F,24.0
2020,Pre-University 3,Arts,M,16.0
2020,Pre-University 3,Science,MF,91.0
2020,Pre-University 3,Science,F,45.0
2020,Pre-University 3,Science,M,46.0
2020,Pre-University 3,Commerce,MF,83.0
2020,Pre-University 3,Commerce,F,44.0
2020,Pre-University 3,Commerce,M,39.0
2021,Junior College 1,Arts,MF,1786.0
2021,Junior College 1,Arts,F,1273.0
2021,Junior College 1,Arts,M,513.0
2021,Junior College 1,Science,MF,10724.0
2021,Junior College 1,Science,F,5333.0
2021,Junior College 1,Science,M,5391.0
2021,Junior College 2,Arts,MF,1884.0
2021,Junior College 2,Arts,F,1331.0
2021,Junior College 2,Arts,M,553.0
2021,Junior College 2,Science,MF,10177.0
2021,Junior College 2,Science,F,4965.0
2021,Junior College 2,Science,M,5212.0
2021,Pre-University 1,Arts,MF,73.0
2021,Pre-University 1,Arts,F,51.0
2021,Pre-University 1,Arts,M,22.0
2021,Pre-University 1,Science,MF,213.0
2021,Pre-University 1,Science,F,118.0
2021,Pre-University 1,Science,M,95.0
2021,Pre-University 1,Commerce,MF,54.0
2021,Pre-University 1,Commerce,F,34.0
2021,Pre-University 1,Commerce,M,20.0
2021,Pre-University 2,Arts,MF,52.0
2021,Pre-University 2,Arts,F,33.0
2021,Pre-University 2,Arts,M,19.0
2021,Pre-University 2,Science,MF,163.0
2021,Pre-University 2,Science,F,85.0
2021,Pre-University 2,Science,M,78.0
2021,Pre-University 2,Commerce,MF,32.0
2021,Pre-University 2,Commerce,F,19.0
2021,Pre-University 2,Commerce,M,13.0
2021,Pre-University 3,Arts,MF,46.0
2021,Pre-University 3,Arts,F,31.0
2021,Pre-University 3,Arts,M,15.0
2021,Pre-University 3,Science,MF,99.0
2021,Pre-University 3,Science,F,63.0
2021,Pre-University 3,Science,M,36.0
2021,Pre-University 3,Commerce,MF,46.0
2021,Pre-University 3,Commerce,F,30.0
2021,Pre-University 3,Commerce,M,16.0
2022,Junior College 1,Arts,MF,2039.0
2022,Junior College 1,Arts,F,1424.0
2022,Junior College 1,Arts,M,615.0
2022,Junior College 1,Science,MF,10486.0
2022,Junior College 1,Science,F,5271.0
2022,Junior College 1,Science,M,5215.0
2022,Junior College 2,Arts,MF,1697.0
2022,Junior College 2,Arts,F,1221.0
2022,Junior College 2,Arts,M,476.0
2022,Junior College 2,Science,MF,10241.0
2022,Junior College 2,Science,F,5070.0
2022,Junior College 2,Science,M,5171.0
2022,Pre-University 1,Arts,MF,75.0
2022,Pre-University 1,Arts,F,51.0
2022,Pre-University 1,Arts,M,24.0
2022,Pre-University 1,Science,MF,200.0
2022,Pre-University 1,Science,F,110.0
2022,Pre-University 1,Science,M,90.0
2022,Pre-University 1,Commerce,MF,84.0
2022,Pre-University 1,Commerce,F,52.0
2022,Pre-University 1,Commerce,M,32.0
2022,Pre-University 2,Arts,MF,44.0
2022,Pre-University 2,Arts,F,33.0
2022,Pre-University 2,Arts,M,11.0
2022,Pre-University 2,Science,MF,123.0
2022,Pre-University 2,Science,F,71.0
2022,Pre-University 2,Science,M,52.0
2022,Pre-University 2,Commerce,MF,33.0
2022,Pre-University 2,Commerce,F,22.0
2022,Pre-University 2,Commerce,M,11.0
2022,Pre-University 3,Arts,MF,47.0
2022,Pre-University 3,Arts,F,27.0
2022,Pre-University 3,Arts,M,20.0
2022,Pre-University 3,Science,MF,133.0
2022,Pre-University 3,Science,F,68.0
2022,Pre-University 3,Science,M,65.0
2022,Pre-University 3,Commerce,MF,29.0
2022,Pre-University 3,Commerce,F,17.0
2022,Pre-University 3,Commerce,M,12.0
2023,Junior College 1,Arts,MF,2004.0
2023,Junior College 1,Arts,F,1410.0
2023,Junior College 1,Arts,M,594.0
2023,Junior College 1,Science,MF,10392.0
2023,Junior College 1,Science,F,5122.0
2023,Junior College 1,Science,M,5270.0
2023,Junior College 2,Arts,MF,1885.0
2023,Junior College 2,Arts,F,1324.0
2023,Junior College 2,Arts,M,561.0
2023,Junior College 2,Science,MF,10072.0
2023,Junior College 2,Science,F,5012.0
2023,Junior College 2,Science,M,5060.0
2023,Pre-University 1,Arts,MF,75.0
2023,Pre-University 1,Arts,F,50.0
2023,Pre-University 1,Arts,M,25.0
2023,Pre-University 1,Science,MF,191.0
2023,Pre-University 1,Science,F,94.0
2023,Pre-University 1,Science,M,97.0
2023,Pre-University 1,Commerce,MF,103.0
2023,Pre-University 1,Commerce,F,49.0
2023,Pre-University 1,Commerce,M,54.0
2023,Pre-University 2,Arts,MF,46.0
2023,Pre-University 2,Arts,F,28.0
2023,Pre-University 2,Arts,M,18.0
2023,Pre-University 2,Science,MF,140.0
2023,Pre-University 2,Science,F,75.0
2023,Pre-University 2,Science,M,65.0
2023,Pre-University 2,Commerce,MF,59.0
2023,Pre-University 2,Commerce,F,38.0
2023,Pre-University 2,Commerce,M,21.0
2023,Pre-University 3,Arts,MF,39.0
2023,Pre-University 3,Arts,F,30.0
2023,Pre-University 3,Arts,M,9.0
2023,Pre-University 3,Science,MF,86.0
2023,Pre-University 3,Science,F,47.0
2023,Pre-University 3,Science,M,39.0
2023,Pre-University 3,Commerce,MF,31.0
2023,Pre-University 3,Commerce,F,19.0
2023,Pre-University 3,Commerce,M,12.0
